Model,MAE,RMSE,R²
Lasso Regression,39.35880544301769,143.0251874627287,0.48258324696103116
TabNet,44.1533715881396,150.23188531836507,0.4291267809101925
Deep Neural Network,38.436476737073086,145.32510867613703,0.46580877740624627
